<?xml version="1.0" encoding="UTF-8"?>
<!DOCTYPE mapper  PUBLIC "-//mybatis.org//DTD Mapper 3.0//EN"  
"http://mybatis.org/dtd/mybatis-3-mapper.dtd">

<mapper namespace="userSQL">
	
	<insert id="insertInfo" parameterType="user.bean.UserDTO">
		insert into usertable values(#{name}, #{id}, #{pwd})
	</insert>
	
	<select id="getUserList" resultType="user.bean.UserDTO">
		select * from usertable
	</select>

	<select id="getUser" parameterType="String" resultType="java.util.Map">
		select * from usertable where id=#{id}
	</select>
	
	<update id="modify" parameterType="java.util.Map">
		update usertable set name=#{name}, pwd=#{pwd} where id=#{id}
	</update>
	
	<delete id="delete" parameterType="String">
		delete usertable where id=#{id}
	</delete>
	

</mapper>