<?xml version="1.0" encoding="UTF-8"?>
<beans xmlns="http://www.springframework.org/schema/beans"
	xmlns:xsi="http://www.w3.org/2001/XMLSchema-instance"
	xmlns:context="http://www.springframework.org/schema/context"
	xmlns:jdbc="http://www.springframework.org/schema/jdbc"
	xmlns:tx="http://www.springframework.org/schema/tx"
	xmlns:p="http://www.springframework.org/schema/p"
	xmlns:aop="http://www.springframework.org/schema/aop"
	xsi:schemaLocation="http://www.springframework.org/schema/jdbc http://www.springframework.org/schema/jdbc/spring-jdbc-4.3.xsd
		http://www.springframework.org/schema/beans http://www.springframework.org/schema/beans/spring-beans.xsd
		http://www.springframework.org/schema/context http://www.springframework.org/schema/context/spring-context-4.3.xsd
		http://www.springframework.org/schema/aop http://www.springframework.org/schema/aop/spring-aop-4.3.xsd
		http://www.springframework.org/schema/tx http://www.springframework.org/schema/tx/spring-tx-4.3.xsd">

	<tx:annotation-driven transaction-manager="transactionManager"/>	  
	<context:property-placeholder location="classpath:spring/db.properties"/>
	<context:annotation-config />
		  
	<bean id="dataSource" class="org.apache.commons.dbcp2.BasicDataSource">
		<property name="driverClassName" value="${jdbc.driver}"/>
		<property name="url" value="${jdbc.url}"/>
		<property name="username" value="${jdbc.username}"/>
		<property name="password" value="${jdbc.password}"/>
		<property name="maxTotal" value="20"/>
		<property name="maxIdle" value="3"/>
	</bean>
	
	<!-- aop -->
	<bean id="loggingAdvice" class="user.aop.LoggingAdvice"></bean>
	
 	<aop:config>
		<aop:pointcut 
		expression="bean(*ccb)" 
		id="aroundMethod"/>

		<aop:aspect ref="loggingAdvice">
			<aop:around method="read" pointcut-ref="aroundMethod"/>
		</aop:aspect>
	</aop:config>	 
	
	<!-- SqlSessionFactory -->
	<bean id="sqlSessionFactory" class="org.mybatis.spring.SqlSessionFactoryBean">
		<property name="configLocation" value="classpath:spring/mybatis-config.xml"/>
		<!-- <property name="mapperLocations" value="classpath:user/dao/userMapper.xml"/> -->
		<property name="dataSource" ref="dataSource"/>
	</bean>
	
	<!-- SqlSession -->
	<bean id="sqlSession" class="org.mybatis.spring.SqlSessionTemplate">
		<constructor-arg ref="sqlSessionFactory"/>
	</bean>
	
	<!-- Transaction -->
	<bean id="transactionManager" class="org.springframework.jdbc.datasource.DataSourceTransactionManager">
		<constructor-arg ref="dataSource"/>
	</bean>	
	
	<!-- insert -->
	<bean id="userInsertService" class="user.service.UserInsertService">
		<property name="userDTO" ref="userDTO"></property>
		<property name="userDAO" ref="userDAOMybatis"></property>
	</bean>
	
	<!-- select -->
	<bean id="userSelectService" name="abccb" class="user.service.UserSelectService">
		<property name="userDAO" ref="userDAOMybatis"></property>
	</bean>
	
	 <!-- update  -->
	<bean id="userUpdateService" class="user.service.UserUpdateService">
		<property name="userDAO" ref="userDAOMybatis"></property>
	</bean>

	<!--  delete  -->
	<bean id="userDeleteService" class="user.service.UserDeleteService">
		<property name="userDAO" ref="userDAOMybatis"></property>
	</bean>

	
	<bean id="userDTO" class="user.bean.UserDTO"></bean>
	 
	<bean id="userDAOMybatis" class="user.dao.UserDAO_Mybatis">
<!-- 		<property name="sqlSession" ref="sqlSession"></property> -->	
	</bean>
	
</beans>


